flag,timestamp,UKF_px,UKF_py,UKF_pz,UKF_qx,UKF_qy,UKF_qz,UKF_qw,UKF_vx,UKF_vy,UKF_vz,UKF_wx,UKF_wy,UKF_wz,rgb,depth,yaw,theta,lidar_x,lidar_y,gt_x,gt_y,gt_yaw
2,1768896443.2850137,0.15861384891914554,-0.15861384891914554,0.0,0.0,0.0,0.1476204019129466,0.9890440925151215,0.07841873057314785,-0.07841873057051885,0.0,0.0,0.0,0.14650254928184325,0.8033780455589294,0.572,0.3641692101955414,0.3249475359916687,0.0,0.0,0.6978271185324165,0.2452853735200723,0.33512317003094827
2,1768896443.9716606,0.4061413247195256,0.07910734015286269,0.0,0.0,0.0,0.18709395628493572,0.9823420236972714,0.14862961719273837,0.06687193463498917,0.0,0.0,0.0,0.12271495046864547,0.8015354871749878,0.573,0.36225977540016174,0.3232708275318146,0.0,0.0,0.6978187857467111,0.24529271908522376,0.3350890555114723
2,1768896445.1874661,0.638656279222064,0.012128553629027206,0.0,0.0,0.0,0.19898904743811413,0.9800017137738444,0.1605860879677422,-0.00809644892669975,0.0,0.0,0.0,0.06647878312231803,0.8013336658477783,0.575,0.3606235086917877,0.32331687211990356,0.0,0.0,0.6978369438608965,0.24526720513070221,0.3350388496126118
2,1768896445.8902764,0.7590136785903332,0.2822143134475604,0.0,0.0,0.0,0.19685977522711187,0.9804316543734861,0.17349256564722582,0.12264624157611637,0.0,0.0,0.0,0.044751925780694174,0.802700400352478,0.574,0.3594729006290436,0.32501620054244995,0.0,0.0,0.6978112190336674,0.24529527574098497,0.33506750088986104
2,1768896447.5170236,0.7649277186755168,0.2393684119464835,0.0,0.0,0.0,0.19730060878899724,0.9803430367843141,0.08816021290823176,0.05017598146608068,0.0,0.0,0.0,0.02466652089343034,0.8024073839187622,0.574,0.35761314630508423,0.32504692673683167,0.0,0.0,0.6978151411968729,0.24520104429933576,0.33503318223398354
2,1768896448.2072828,0.6982385140764784,0.24305742074809794,0.0,0.0,0.0,0.19366832141971074,0.9810670625795526,0.05331494498086409,0.043397764208506266,0.0,0.0,0.0,0.018676517717701055,0.8032232522964478,0.573,0.36390072107315063,0.32481884956359863,0.0,0.0,0.6978275583453599,0.24527038291443293,0.3350708648969551
2,1768896450.0993855,0.6949773885560508,0.23431143778831623,0.0,0.0,0.0,0.1948259297426636,0.980837834251874,0.031999246946738266,0.023949511107299412,0.0,0.0,0.0,0.012628545353684135,0.8015502095222473,0.576,0.3632884621620178,0.3231487274169922,0.0,0.0,0.6978100688882758,0.24529987962361988,0.33514269879770464
2,1768896451.0287924,0.695087596786771,0.23924603502939534,0.0,0.0,0.0,0.19167417265932923,0.9814586142753864,0.025781240963690746,0.02034905154135042,0.0,0.0,0.0,0.009458368083607047,0.8027204871177673,0.58,0.3612562417984009,0.3249753713607788,0.0,0.0,0.6978417411627422,0.24525019704174278,0.33503993194411097
2,1768896452.0017912,0.7062319448780756,0.24467616957182392,0.0,0.0,0.0,0.1893291255839547,0.9819136836838639,0.022026287263131016,0.016121618756884185,0.0,0.0,0.0,0.0069703950104568965,0.8025352358818054,0.57,0.35642316937446594,0.3252054750919342,0.0,0.0,0.6978519040750353,0.24519815578279003,0.3349738791653811
2,1768896452.996525,0.7134524213714097,0.24707943628495674,0.0,0.0,0.0,0.18757869855759135,0.9822495771683692,0.018544857611863422,0.012436774570803272,0.0,0.0,0.0,0.0053245858243855726,0.802663266658783,0.574,0.35754120349884033,0.32507529854774475,0.0,0.0,0.6978144135787578,0.24526877172625772,0.33501034752057424
2,1768896453.594602,0.7187114098698504,0.2478104246711321,0.0,0.0,0.0,0.18605046282025317,0.9825401901624022,0.017037470503374393,0.01042638435410792,0.0,0.0,0.0,0.00433993621558559,0.8027961850166321,0.575,0.3592113256454468,0.3249472677707672,0.0,0.0,0.6978202740065518,0.2452597201643052,0.33510281247878
1,1768896453.9192839,0.7269442331332661,0.26012418028803247,0.0,0.0,0.0,0.1867420361553048,0.982408984045123,0.017662552338862655,0.013379637324248685,0.0,0.0,0.0,0.0043399362155575865,0.0,0.0,0.0,0.0,0.7299739122390747,0.28675857186317444,0.697802653307906,0.24529101281816768,0.3351375207472165
2,1768896453.962421,0.7283130494228937,0.2557987020314409,0.0,0.0,0.0,0.18465471529589952,0.982803457522912,0.01793452838750081,0.01171674617819043,0.0,0.0,0.0,0.0036486407739477716,0.8010172843933105,0.577,0.3583014905452728,0.3233203589916229,0.0,0.0,0.6978380674669507,0.2452443699803355,0.3350245629951242
2,1768896454.3420548,0.734300266447626,0.25633314254746153,0.0,0.0,0.0,0.18370570320907528,0.982981289042909,0.017661920959926462,0.01001950405114207,0.0,0.0,0.0,0.0030994507966212786,0.8025517463684082,0.572,0.3579134941101074,0.32513272762298584,0.0,0.0,0.6978144346785529,0.24528799995986716,0.3351404688661812
2,1768896454.7681575,0.7383748452671596,0.25614620683781497,0.0,0.0,0.0,0.18319353396242669,0.9830768683650111,0.016533547616276054,0.008089151047800364,0.0,0.0,0.0,0.002705799411139736,0.8030566573143005,0.573,0.3597479462623596,0.3251432478427887,0.0,0.0,0.6978392586299038,0.24525421711189044,0.3349908781818018
2,1768896455.1973877,0.7398306385685385,0.2545268588425426,0.0,0.0,0.0,0.1827207475861938,0.9831648531154592,0.013881350816074202,0.0055324683571004165,0.0,0.0,0.0,0.0022959228776704846,0.8010935187339783,0.575,0.3585876226425171,0.3233933746814728,0.0,0.0,0.69782929628653,0.2452966196857541,0.3351086254579398
1,1768896455.3943243,0.7430718487676435,0.2641303444760268,0.0,0.0,0.0,0.18295143163904048,0.9831219525883986,0.01391688488760415,0.009860544921055498,0.0,0.0,0.0,0.0022959228774934366,0.0,0.0,0.0,0.0,0.7415152788162231,0.2962743639945984,0.6977902872151374,0.2453069740466749,0.3351661437163156
2,1768896455.703477,0.7422503750851603,0.2600140042366237,0.0,0.0,0.0,0.1826897720367177,0.9831706094026469,0.012130001191611907,0.006626134030507562,0.0,0.0,0.0,0.0020878334887186323,0.8014019727706909,0.579,0.3630499243736267,0.32311874628067017,0.0,0.0,0.6977909660346744,0.24529901324254877,0.3351064559775968
2,1768896456.0010087,0.7417475414648651,0.25736803590510804,0.0,0.0,0.0,0.18211998401103877,0.9832763148900816,0.00986756305794122,0.004040017019053566,0.0,0.0,0.0,0.0016919483551691727,0.8024360537528992,0.573,0.3579106032848358,0.3250560462474823,0.0,0.0,0.6978120527140714,0.2452922156443208,0.3351056188728716
2,1768896456.2612867,0.7406815164396077,0.25500810123023127,0.0,0.0,0.0,0.18145727531719347,0.9833988291809485,0.008093124141191687,0.002236619901399813,0.0,0.0,0.0,0.0013002573209393504,0.8029316067695618,0.575,0.3563303053379059,0.3252987563610077,0.0,0.0,0.6977923358676859,0.245319074099273,0.33507114584306974
2,1768896456.6662154,0.7386893379317234,0.2524789465227171,0.0,0.0,0.0,0.18107535527845636,0.9834692245875215,0.005442721152056414,0.000426449381695041,0.0,0.0,0.0,0.0009940006991252918,0.8024805188179016,0.577,0.3579134941101074,0.32511138916015625,0.0,0.0,0.6978268575021374,0.24526956581225812,0.3350870529998368
1,1768896456.8253202,0.7397968960924488,0.2609187286025521,0.0,0.0,0.0,0.18116241534548835,0.983453191192234,0.005384512744243161,0.005003450004483686,0.0,0.0,0.0,0.000994000699291099,0.0,0.0,0.0,0.0,0.737326979637146,0.293398916721344,0.6977945031004271,0.24533476301240686,0.33515395005740206
2,1768896457.0950596,0.738070397742266,0.2572557000308432,0.0,0.0,0.0,0.18085795030674764,0.9835092281269363,0.003808621437934113,0.002275502666956426,0.0,0.0,0.0,0.0007759414053254602,0.8030240535736084,0.575,0.3596789538860321,0.3250795006752014,0.0,0.0,0.6978305611669997,0.24526075669513314,0.33506903088590206
1,1768896457.709693,0.7519439891109254,0.2650921864494619,0.0,0.0,0.0,0.1810997119064623,0.9834647397580639,0.009338098318807657,0.005460866003556768,0.0,0.0,0.0,0.000775941405328102,0.0,0.0,0.0,0.0,0.7745295166969299,0.27902939915657043,0.6978144611863448,0.24529552986235503,0.3350479421972839
2,1768896457.9768898,0.7441206300166331,0.2583760108936385,0.0,0.0,0.0,0.18064189263675237,0.9835489345348365,0.004791697801928284,0.0016321810099743455,0.0,0.0,0.0,0.0005030701980656595,0.802682638168335,0.573,0.35941100120544434,0.3249529004096985,0.0,0.0,0.6978202924291488,0.24530827378293107,0.33518058315871324
1,1768896458.7799861,0.7455441972156568,0.27245091195279286,0.0,0.0,0.0,0.1808512388762491,0.9835104622712083,0.003571225034751516,0.007307789141213188,0.0,0.0,0.0,0.0005030701981272292,0.0,0.0,0.0,0.0,0.7400622963905334,0.2961089313030243,0.6977549075360234,0.24532412498900058,0.3353238158473716
2,1768896458.9115057,0.7370889937588048,0.2615533156613816,0.0,0.0,0.0,0.18028532558597743,0.9836143560249403,-7.25210300798044e-05,0.0022158917302054944,0.0,0.0,0.0,0.00021252317301932548,0.802829921245575,0.577,0.35919809341430664,0.3250899016857147,0.0,0.0,0.6978103926805508,0.24530650463989456,0.3351079308599404
2,1768896459.4119205,0.7306646793276584,0.25492734403466627,0.0,0.0,0.0,0.17970604265179346,0.9837203557080801,-0.002701965384139986,-0.001107955394580445,0.0,0.0,0.0,-8.608687992191553e-05,0.8024865984916687,0.573,0.35755062103271484,0.3250017464160919,0.0,0.0,0.6978053518109175,0.24526764474563334,0.3350837593250728
2,1768896459.8382907,0.7253713273211783,0.24988317795912054,0.0,0.0,0.0,0.17899177682553194,0.9838505698676192,-0.004352474723302007,-0.0030862561044579058,0.0,0.0,0.0,-0.0004117074351045223,0.8022787570953369,0.576,0.3554104268550873,0.32510966062545776,0.0,0.0,0.6978095714866759,0.24524952820916768,0.33514646316323
1,1768896459.903646,0.7304284041048442,0.26019350805050767,0.0,0.0,0.0,0.17897849692172615,0.983852985785803,-0.002230950173973211,0.0015319590141338315,0.0,0.0,0.0,-0.0004117074351691226,0.0,0.0,0.0,0.0,0.7424112558364868,0.2999350130558014,0.697814802219278,0.24526082799034932,0.33505290394046333
2,1768896460.2622619,0.7290312855874627,0.25576153097676646,0.0,0.0,0.0,0.1787622336325708,0.9838923029614035,-0.0024322976673114035,-0.0008765367120676386,0.0,0.0,0.0,-0.0004785781527479442,0.8025926351547241,0.576,0.3584696054458618,0.3251534104347229,0.0,0.0,0.6978115355781265,0.24528061640678878,0.33509558755943436
2,1768896460.6841226,0.7270004893703145,0.25172863008967905,0.0,0.0,0.0,0.17831438823208598,0.9839735661842837,-0.0028617360614872954,-0.0027236418240115788,0.0,0.0,0.0,-0.0006439357675486826,0.8021745085716248,0.576,0.35597512125968933,0.3251156806945801,0.0,0.0,0.6978188010928619,0.24526502530982563,0.3350530939085205
2,1768896461.0762768,0.7250841052786018,0.24838535576736173,0.0,0.0,0.0,0.1782381200676055,0.9839873843473634,-0.003191951599451888,-0.0038658399515896216,0.0,0.0,0.0,-0.0006205783206017585,0.8026943802833557,0.575,0.35876980423927307,0.3250618278980255,0.0,0.0,0.6978014456363084,0.24518272528961338,0.33505855248741523
1,1768896461.3974032,0.7304418582527821,0.258721877024054,0.0,0.0,0.0,0.1781437654549004,0.9840044709398171,-0.00041505006983388795,0.0019240946423357361,0.0,0.0,0.0,-0.0006205783205991345,0.0,0.0,0.0,0.0,0.7433361411094666,0.29603052139282227,0.69781001213708,0.24529605594790638,0.3350945998321042
2,1768896461.4882674,0.7307159928190218,0.2552492591320127,0.0,0.0,0.0,0.1785934039640535,0.9839229624622714,-0.00020720179367150602,4.86927499361231e-05,0.0,0.0,0.0,-0.00039204031738296243,0.8034087419509888,0.574,0.36288461089134216,0.32517296075820923,0.0,0.0,0.6977760310228023,0.2453806035504631,0.33527394854816583
2,1768896461.8952646,0.729895154298336,0.2521821272288133,0.0,0.0,0.0,0.17855032359916434,0.9839307810728526,-0.000522142232430923,-0.0016051758689412257,0.0,0.0,0.0,-0.00037705149625793784,0.8027992844581604,0.573,0.3592767119407654,0.325092077255249,0.0,0.0,0.6978026708401313,0.24521771222150113,0.33506602181299006
2,1768896462.7002256,0.72061037128701,0.24576148685386245,0.0,0.0,0.0,0.17833931491297136,0.9839690486780426,-0.004491682959345705,-0.003993339533548664,0.0,0.0,0.0,-0.0004073277214450431,0.8028256893157959,0.578,0.35817569494247437,0.32515791058540344,0.0,0.0,0.6978517321805182,0.24518418840000622,0.3349277623270355
1,1768896462.7584445,0.7235305519232902,0.25330517176527945,0.0,0.0,0.0,0.17832510419579597,0.983971624191246,-0.00313754385608154,-0.0002810899050954066,0.0,0.0,0.0,-0.0004073277214357418,0.0,0.0,0.0,0.0,0.729331910610199,0.2790830135345459,0.6977858298881798,0.2452391419773624,0.335192179671224
2,1768896463.052655,0.7235417811806814,0.24978842674965845,0.0,0.0,0.0,0.17893907246448681,0.9838601569052123,-0.002738644247407329,-0.001973629637585135,0.0,0.0,0.0,-8.639808715626577e-05,0.8015830516815186,0.571,0.3647567927837372,0.3231039345264435,0.0,0.0,0.697765767377011,0.24529955995194852,0.3352234410791978
2,1768896463.396452,0.7233368648576819,0.24709606270885484,0.0,0.0,0.0,0.17908139916452323,0.9838342606726382,-0.0023513456552532778,-0.003000938954107486,0.0,0.0,0.0,-9.551814145982134e-06,0.801347017288208,0.575,0.36135199666023254,0.3232676088809967,0.0,0.0,0.6977862118414262,0.24529984579779318,0.335098004752226
2,1768896463.812367,0.7229265469745088,0.24534861651827544,0.0,0.0,0.0,0.17894161975781211,0.9838596936141101,-0.0020945702452814666,-0.0032992460535984126,0.0,0.0,0.0,-7.768865748549383e-05,0.8027744889259338,0.576,0.35870009660720825,0.3251616656780243,0.0,0.0,0.6978187372249116,0.24532151960070692,0.3357733744701406
1,1768896464.1586738,0.7412189745111879,0.2567791070376709,0.0,0.0,0.0,0.17892732950677295,0.9838622925773579,0.00670653102286848,0.0029121180806662367,0.0,0.0,0.0,-7.768865745726556e-05,0.0,0.0,0.0,0.0,0.7848090529441833,0.29235392808914185,0.6979289985607946,0.24535948151053721,0.335934669602479
2,1768896464.1897647,0.7389437073331374,0.25364569422938255,0.0,0.0,0.0,0.1787665659475942,0.9838915158183368,0.005548297583769563,0.0012891524718359553,0.0,0.0,0.0,-0.0001562005491748559,0.8011837601661682,0.575,0.3581778407096863,0.32354074716567993,0.0,0.0,0.6979289985607946,0.24535948151053721,0.335934669602479
2,1768896464.50722,0.7380488604969663,0.2518132784208107,0.0,0.0,0.0,0.17861943345666664,0.9839182374524925,0.004239143369058476,0.00011227733165617218,0.0,0.0,0.0,-0.00021756875522291238,0.8024990558624268,0.578,0.35812437534332275,0.3249284327030182,0.0,0.0,0.6991076538020027,0.245766333187332,0.33500499097738706
2,1768896464.7795942,0.7371489499176186,0.25040127918927696,0.0,0.0,0.0,0.17838780094286003,0.9839602596013574,0.003283474612847302,-0.0006565829990062114,0.0,0.0,0.0,-0.00032244113477932477,0.8024088144302368,0.574,0.3567875623703003,0.3249850571155548,0.0,0.0,0.7005064889392283,0.24635307102190096,0.3354579414910245
2,1768896465.1258614,0.7360782559053568,0.2485946335678603,0.0,0.0,0.0,0.1793955128496413,0.9837770326498857,0.00218034131875117,-0.0015240787975937312,0.0,0.0,0.0,0.0002303374613649694,0.8030374646186829,0.585,0.37073081731796265,0.3231857717037201,0.0,0.0,0.7028296612411666,0.24717503861451695,0.3339953680325446
2,1768896465.4653337,0.7340251172545551,0.24682055366822858,0.0,0.0,0.0,0.18003377223460684,0.9836604296478423,0.0007158713264460602,-0.0021534460556346035,0.0,0.0,0.0,0.000546997722315988,0.8034341931343079,0.581,0.36759263277053833,0.323638379573822,0.0,0.0,0.7049441389921134,0.24790381005689266,0.3361918031177704
1,1768896465.6700404,0.7323607399839073,0.25339389261198136,0.0,0.0,0.0,0.18008719415079694,0.9836506506391856,-0.00033602556981700824,0.0017978111344583835,0.0,0.0,0.0,0.0005469977223912528,0.0,0.0,0.0,0.0,0.7245560884475708,0.28116753697395325,0.7065496015265793,0.24851762407417555,0.33463428943383355
2,1768896466.0048068,0.7309563374933519,0.25076958330740884,0.0,0.0,0.0,0.18016951056215194,0.9836355765545463,-0.0009604243102909543,5.488058128444678e-05,0.0,0.0,0.0,0.0005477180287804161,0.8035444617271423,0.587,0.36232900619506836,0.3237645626068115,0.0,0.0,0.7084964996194445,0.24925551358840403,0.3336264512668033
2,1768896466.4135876,0.7286767813973186,0.24839251770120704,0.0,0.0,0.0,0.17899135196774693,0.9838506471618332,-0.0018943125708928107,-0.001230268587055218,0.0,0.0,0.0,-0.0001430665947821637,0.8035183548927307,0.59,0.34905683994293213,0.3244267702102661,0.0,0.0,0.7115681124611579,0.25042742391395256,0.3350743434327153
2,1768896466.886238,0.7253047790559427,0.24578669003178147,0.0,0.0,0.0,0.17794485368459448,0.9840404610823522,-0.003082082368277562,-0.002261156567828347,0.0,0.0,0.0,-0.0006859601225363067,0.8039842247962952,0.592,0.34955382347106934,0.3241219222545624,0.0,0.0,0.7157169758048922,0.25209763605668234,0.33534643972917494
1,1768896466.943531,0.7271192624813674,0.2522583079714722,0.0,0.0,0.0,0.1779156539352906,0.9840457408498743,-0.0021725308114343795,0.0011516637229215024,0.0,0.0,0.0,-0.0006859601225722256,0.0,0.0,0.0,0.0,0.7307221293449402,0.2779444754123688,0.7157169758048922,0.25209763605668234,0.33534643972917494
2,1768896467.2003965,0.7273691504399498,0.2502502928800895,0.0,0.0,0.0,0.1764185708945916,0.98431523804293,-0.0017260676621049255,-9.07832417776774e-05,0.0,0.0,0.0,-0.0014309669959392574,0.8040096759796143,0.595,0.3431178033351898,0.32439476251602173,0.0,0.0,0.7189836294358605,0.253149197106843,0.33544040117065643
2,1768896467.515567,0.7276541908275103,0.2486703720809207,0.0,0.0,0.0,0.17543439928722152,0.9844911231426781,-0.0012789562212681543,-0.0009496085873357199,0.0,0.0,0.0,-0.0018346710888722793,0.8046047687530518,0.599,0.34618350863456726,0.3242914378643036,0.0,0.0,0.72169305865654,0.25422841382241057,0.3369173512459658
2,1768896467.931748,0.7270879378680022,0.24685744817934385,0.0,0.0,0.0,0.17334864289265264,0.98486052210822,-0.0012809543553510298,-0.001728627646822617,0.0,0.0,0.0,-0.002754258748497818,0.8050476908683777,0.606,0.3338518440723419,0.3237248659133911,0.0,0.0,0.725625956677026,0.2556898154685303,0.3356836846216496
2,1768896468.3679986,0.7253818598562409,0.24459867495842508,0.0,0.0,0.0,0.17092038538977194,0.9852848430064333,-0.0018040537238984977,-0.002489221161073296,0.0,0.0,0.0,-0.003720652242149799,0.8049809336662292,0.6,0.3286108672618866,0.32263579964637756,0.0,0.0,0.7296759799650061,0.2572060223066277,0.33569277234082134
1,1768896468.4715652,0.7375543820864223,0.25642499020762627,0.0,0.0,0.0,0.17080048353453584,0.98530563523425,0.003889760661534465,0.0035352683379876355,0.0,0.0,0.0,-0.0037206522425102385,0.0,0.0,0.0,0.0,0.770308792591095,0.3013027012348175,0.7300351741841316,0.25725885944171556,0.33618848803269225
2,1768896468.8301096,0.7366843390446586,0.2535653737533626,0.0,0.0,0.0,0.16822362869408777,0.9857488578481812,0.0028480848830295612,0.0013739367939284985,0.0,0.0,0.0,-0.0047379492430755146,0.8053239583969116,0.614,0.3225061297416687,0.32295188307762146,0.0,0.0,0.7336203938648895,0.25864757582967757,0.33527695685957976
2,1768896469.2667954,0.7330161819185899,0.25096478128543026,0.0,0.0,0.0,0.16334897769166376,0.9865683511481038,0.00043520120058821105,-0.0002694834810346336,0.0,0.0,0.0,-0.006699771628074481,0.8039842247962952,0.613,0.29917311668395996,0.32649725675582886,0.0,0.0,0.7375739873416389,0.26014715660843135,0.3344768764692536
2,1768896469.6962254,0.7296341032835537,0.24883564284542023,0.0,0.0,0.0,0.15934956144170162,0.9872222228395882,-0.0012118180322804538,-0.001248681412354576,0.0,0.0,0.0,-0.008106905747643176,0.8045808672904968,0.618,0.29860052466392517,0.32680416107177734,0.0,0.0,0.7408243832174104,0.2614113741991487,0.3361899395647637
1,1768896469.8991473,0.7432396104049361,0.2558383809015335,0.0,0.0,0.0,0.15847117038721584,0.9873636048366914,0.005174201874071848,0.002229775820559762,0.0,0.0,0.0,-0.008106905745988343,0.0,0.0,0.0,0.0,0.778055727481842,0.27699142694473267,0.742921781680342,0.26231387110721116,0.33643998302270023
2,1768896470.3224425,0.7392819762643271,0.253702671724071,0.0,0.0,0.0,0.15389714258406267,0.9880868734602544,0.0024612129258404143,0.0008167577049005594,0.0,0.0,0.0,-0.009696024597523115,0.8055679202079773,0.623,0.2864680290222168,0.32842594385147095,0.0,0.0,0.7471983663206632,0.26379878864531836,0.3361436872150944
2,1768896470.5344512,0.7372943777684813,0.25243742352926174,0.0,0.0,0.0,0.15033364608690628,0.9886353194450503,0.00122650986135129,9.636540804355701e-05,0.0,0.0,0.0,-0.010853966645470831,0.8074420094490051,0.627,0.2835121750831604,0.32835280895233154,0.0,0.0,0.7503500358470776,0.2648918381308679,0.3358356943941625
2,1768896470.9520233,0.7355073536640838,0.25139841967399745,0.0,0.0,0.0,0.1462287328591535,0.989250806260175,0.0001493769538492406,-0.00042674700761158204,0.0,0.0,0.0,-0.011830442247250193,0.8099750280380249,0.632,0.2779588997364044,0.32859450578689575,0.0,0.0,0.7561169464271342,0.2670968352710037,0.33554929775368664
2,1768896471.2222872,0.7352995925176893,0.2508228318675089,0.0,0.0,0.0,0.14132238706926506,0.9899636270656841,3.77169866826455e-05,-0.0006607353615167956,0.0,0.0,0.0,-0.013505464591020323,0.8114003539085388,0.634,0.2548752427101135,0.3277023434638977,0.0,0.0,0.7591705284900714,0.2682623406946326,0.33628803491067377
1,1768896471.3925304,0.7488480091049378,0.2587167946780548,0.0,0.0,0.0,0.14016248136585235,0.9901285163135981,0.006447536265993247,0.0033282680961520634,0.0,0.0,0.0,-0.013505464590279431,0.0,0.0,0.0,0.0,0.7880430817604065,0.28659629821777344,0.7617669895090728,0.2692618820144176,0.33580080765942205
2,1768896471.5759263,0.748106025156552,0.2574109295576047,0.0,0.0,0.0,0.1370658610878763,0.9905619363392877,0.005684010157851175,0.002414590938728044,0.0,0.0,0.0,-0.014623193244796976,0.812116265296936,0.636,0.25527486205101013,0.3274492025375366,0.0,0.0,0.7634351072342371,0.26980766569869774,0.3356278157206936
2,1768896471.9470904,0.7481268618867788,0.255603837581195,0.0,0.0,0.0,0.1285419819312389,0.9917040681983659,0.004465872747438347,0.000835866928911994,0.0,0.0,0.0,-0.017444936967405535,0.8163643479347229,0.647,0.21063174307346344,0.323798269033432,0.0,0.0,0.7694149546424074,0.27209420653243743,0.33583873495101774
1,1768896472.3581886,0.764383038998841,0.2656110008356585,0.0,0.0,0.0,0.12528106805155703,0.9921212899579673,0.011851531405117802,0.006016827907589345,0.0,0.0,0.0,-0.017444936967207295,0.0,0.0,0.0,0.0,0.7999536395072937,0.29325348138809204,0.7742604566854412,0.27393662445871947,0.3360615466494316
2,1768896472.4674149,0.761569602143852,0.2620471488728339,0.0,0.0,0.0,0.119763976746965,0.9928023921575494,0.009811427418106922,0.0037562713067598244,0.0,0.0,0.0,-0.019830779279543194,0.8220268487930298,0.654,0.20283712446689606,0.32350119948387146,0.0,0.0,0.7747740666956384,0.27403398626222564,0.3360568989653809
2,1768896472.8596728,0.7597447882930257,0.2593093625929843,0.0,0.0,0.0,0.11054827814874459,0.9938707552787474,0.006913649121970723,0.001494161473267733,0.0,0.0,0.0,-0.02264555535988623,0.8220247626304626,0.653,0.17773182690143585,0.3232128918170929,0.0,0.0,0.7820206208969975,0.27679104091851725,0.33634522325833743
1,1768896473.3796358,0.7738681639594676,0.2698133670231915,0.0,0.0,0.0,0.10449607799986249,0.9945252986639639,0.01193074302283299,0.006438267143144791,0.0,0.0,0.0,-0.02264555535908474,0.0,0.0,0.0,0.0,0.7945366501808167,0.29288798570632935,0.7909898149432735,0.28011732692355384,0.3358204414819961
2,1768896473.6729918,0.7663074646811492,0.264235211113569,0.0,0.0,0.0,0.09434973525073799,0.9955391139770028,0.006915996634950239,0.0029071470429786004,0.0,0.0,0.0,-0.02635921711146257,0.8251681327819824,0.664,0.1412508636713028,0.32471001148223877,0.0,0.0,0.7950986391568613,0.2815778633604358,0.3349219310950922
1,1768896474.4155967,0.7859938162584451,0.2760935849313485,0.0,0.0,0.0,0.08553367455350545,0.9963352801729822,0.013489746056553963,0.007364564229278346,0.0,0.0,0.0,-0.026359217113163486,0.0,0.0,0.0,0.0,0.8120739459991455,0.29509347677230835,0.8057960390907744,0.28558583474536214,0.3266977201102145
1,1768896475.5472293,0.8161051452462571,0.29308164604858794,0.0,0.0,0.0,0.06932657175900692,0.997594018851428,0.018124901988852186,0.010117152476966321,0.0,0.0,0.0,-0.026359217108163295,0.0,0.0,0.0,0.0,0.8297984600067139,0.30140769481658936,0.8249986000501734,0.2928413231436442,0.2994047296180521
1,1768896476.862725,0.8417680974000874,0.30908449439300406,0.0,0.0,0.0,0.052434119319589474,0.9986243854078365,0.018792275813676942,0.010966885433786095,0.0,0.0,0.0,-0.026359217108619947,0.0,0.0,0.0,0.0,0.843880832195282,0.31181424856185913,0.8435680225946074,0.29938246934420165,0.25084790909779014
2,1768896476.8974965,0.835654690083533,0.299350376620233,0.0,0.0,0.0,0.16803328306660362,0.9857813224959472,0.01686675142222807,0.008104373518687093,0.0,0.0,0.0,0.0149109628368225,0.9288088083267212,0.9288088083267212,0.5737597942352295,0.33214324712753296,0.0,0.0,0.8435680225946074,0.29938246934420165,0.25084790909779014
2,1768896477.1313272,0.8391087920639937,0.2973592463638663,0.0,0.0,0.0,0.20885171302079014,0.9779473206509037,0.01669638980659567,0.006917346746650784,0.0,0.0,0.0,0.028709935315596673,0.9279670119285583,0.9279670119285583,0.5670647025108337,0.3322388529777527,0.0,0.0,0.8521565140680081,0.3019280101069126,0.24137553215842358
2,1768896477.5832736,0.8440385516609233,0.302731506261181,0.0,0.0,0.0,0.23146743534423295,0.972842652423897,0.01600272705666584,0.007823036861128084,0.0,0.0,0.0,0.03469505875251733,0.9323891997337341,0.9323891997337341,0.5514543652534485,0.35219529271125793,0.0,0.0,0.8604829058598567,0.3042995049215179,0.22411386082674206
1,1768896478.2022235,0.8475168687275144,0.31714580826394495,0.0,0.0,0.0,0.24256271516943753,0.9701357272101828,0.013212672831814053,0.011598741089046651,0.0,0.0,0.0,0.03469505874590816,0.0,0.0,0.0,0.0,0.8314369320869446,0.3399198055267334,0.8741945174751564,0.30798231682109656,0.19450535321790707
2,1768896478.4558053,0.826376053278199,0.30634288390287917,0.0,0.0,0.0,0.20310645946647032,0.9791566606641631,0.0037992532172969364,0.006280378525891137,0.0,0.0,0.0,0.01904343882616212,0.8488327264785767,0.8488327264785767,0.18858271837234497,0.3448633849620819,0.0,0.0,0.8784682585393533,0.3090908992799368,0.18501468025547982
2,1768896478.9208643,0.83641350943331,0.3099950461058417,0.0,0.0,0.0,0.2342573911442549,0.9721746112166721,0.007297239624760742,0.006588330072767857,0.0,0.0,0.0,0.02907107989765243,0.9541919231414795,0.9541919231414795,0.6357123255729675,0.3498865067958832,0.0,0.0,0.8878569527147351,0.31127084651922743,0.1657868150116572
2,1768896479.3149192,0.8142163005747995,0.29969508000840595,0.0,0.0,0.0,0.20098390276510367,0.979594544099398,-0.003502500494845252,0.0009204217274455893,0.0,0.0,0.0,0.013983127811429994,0.8420811295509338,0.8420811295509338,0.13568462431430817,0.34461623430252075,0.0,0.0,0.8968232224009209,0.3132213634122534,0.1468146506697718
1,1768896479.688158,0.8253675874497088,0.31939850604444964,0.0,0.0,0.0,0.20368119979942134,0.9790372663225175,0.0018128692792460264,0.009560494909069914,0.0,0.0,0.0,0.013983127809725477,0.0,0.0,0.0,0.0,0.852820634841919,0.3690565824508667,0.9050430704702566,0.31482650841658344,0.12869206141558684
2,1768896479.7513304,0.8366388889252164,0.31869991871408065,0.0,0.0,0.0,0.22882763991036423,0.9734669543508155,0.006648812259875757,0.009093515054414565,0.0,0.0,0.0,0.023890277307469142,0.9600483775138855,0.9600483775138855,0.6481437683105469,0.3486647605895996,0.0,0.0,0.9050430704702566,0.31482650841658344,0.12869206141558684
2,1768896480.2151618,0.8498344273305531,0.32112436818618745,0.0,0.0,0.0,0.253832280026463,0.9672482481848015,0.011416242263710373,0.008089544522626583,0.0,0.0,0.0,0.03218428207279272,0.969124972820282,0.969124972820282,0.6656960248947144,0.3468094766139984,0.0,0.0,0.9152900083351132,0.3165474187846765,0.10702565414942052
2,1768896480.5363548,0.8633897654657573,0.32266695713460525,0.0,0.0,0.0,0.2743228295410675,0.9616376579526108,0.01623828370656314,0.0075384113567156,0.0,0.0,0.0,0.03914465669605207,0.9822129607200623,0.818,0.6912136077880859,0.34518495202064514,0.0,0.0,0.9221602462843383,0.3175995963881103,0.09288805409042497
2,1768896480.6812444,0.8730981765608862,0.3234155024032268,0.0,0.0,0.0,0.2878414570488038,0.9576780751400867,0.01950312149284472,0.007162281752700823,0.0,0.0,0.0,0.04372478325052573,0.9808087348937988,0.803,0.6824712157249451,0.34520554542541504,0.0,0.0,0.9259513403834105,0.3181185533844979,0.08407309128239518
2,1768896480.9283705,0.8832580922607586,0.3246283185531075,0.0,0.0,0.0,0.30055688458267105,0.9537638906616034,0.02219298501478216,0.006829390331071817,0.0,0.0,0.0,0.04733143284924116,0.9864753484725952,0.833,0.6902194023132324,0.3443075716495514,0.0,0.0,0.9312953230343151,0.3189105527056738,0.07329043045211397
1,1768896481.3380651,0.8958235482202415,0.33879759074337473,0.0,0.0,0.0,0.30790153896846456,0.9514182268071445,0.024854499054435597,0.013167792992523623,0.0,0.0,0.0,0.047331432853755975,0.0,0.0,0.0,0.0,0.9100031852722168,0.3760558068752289,0.9392924295388816,0.31985803860647377,0.05818913041815045
2,1768896481.389149,0.8996909306328517,0.33646445943031167,0.0,0.0,0.0,0.3157235426437496,0.9488512236491453,0.025535827547008564,0.01117655787086445,0.0,0.0,0.0,0.05011697456334215,0.9882897138595581,0.801,0.6976379752159119,0.3439907133579254,0.0,0.0,0.9392924295388816,0.31985803860647377,0.05818913041815045
2,1768896481.7031248,0.907879114029082,0.33590578087020034,0.0,0.0,0.0,0.3274143591585951,0.9448808588476997,0.025808749539033407,0.008988623621622541,0.0,0.0,0.0,0.05252518586756176,0.9958575367927551,0.83,0.7140140533447266,0.3418785035610199,0.0,0.0,0.9493688974851566,0.32083327722287125,0.03814441838638172
2,1768896482.0329008,0.9150410197956771,0.33467508586900224,0.0,0.0,0.0,0.33768361565068905,0.941259674968113,0.02535431121601552,0.006756886621108408,0.0,0.0,0.0,0.05394752478267999,1.0014339685440063,0.844,0.7159139513969421,0.34026995301246643,0.0,0.0,0.956921730859595,0.32145150391656163,0.02346308144629491
2,1768896482.335598,0.91984744363407,0.33292408129873247,0.0,0.0,0.0,0.3466402046218775,0.9379981708615976,0.023750421076935577,0.004676023357572289,0.0,0.0,0.0,0.05460018263796539,1.0024222135543823,0.828,0.7201049327850342,0.34003975987434387,0.0,0.0,0.9642696838111753,0.3219472234488826,0.007749735408348876
1,1768896482.6968381,0.9359592464992262,0.3484311599088317,0.0,0.0,0.0,0.35608085629943176,0.9344551480820593,0.027538357995662635,0.011922251376628617,0.0,0.0,0.0,0.05460018264331055,0.0,0.0,0.0,0.0,0.9536809921264648,0.38338202238082886,0.9747631177936389,0.3224214114787275,-0.007499022071968985
2,1768896482.7696698,0.9358402641235606,0.343241045804531,0.0,0.0,0.0,0.36299063224998246,0.9317927886063285,0.026444653114005026,0.008766170978211352,0.0,0.0,0.0,0.05753865543639544,1.0144052505493164,0.848,0.7924647331237793,0.33552610874176025,0.0,0.0,0.9753660376361364,0.3223313247669436,-0.00850662135462282
2,1768896483.087948,0.939945470029948,0.340163420532649,0.0,0.0,0.0,0.3741841086214154,0.9273544375562112,0.023907804839191606,0.005568529754070697,0.0,0.0,0.0,0.05882285087643627,1.0146844387054443,1.0146844387054443,0.78830486536026,0.3355303406715393,0.0,0.0,0.9877691129949404,0.3226177038711885,-0.023438472726579077
2,1768896483.583885,0.9466483733721452,0.33588562228628277,0.0,0.0,0.0,0.38988095037779824,0.9208652694789313,0.021741483757861398,0.002068222851055694,0.0,0.0,0.0,0.0607797488245783,1.031400442123413,1.031400442123413,0.8310617208480835,0.3290967345237732,0.0,0.0,1.0023893922095015,0.32283976192476393,-0.043577685593394005
2,1768896483.9836037,0.955096777347987,0.33095705898033734,0.0,0.0,0.0,0.4030941683851141,0.9151585061692391,0.02173521575749263,-0.0007316757810325015,0.0,0.0,0.0,0.06219079574853448,1.050899863243103,0.88,0.8512974381446838,0.32141175866127014,0.0,0.0,1.0148959266661908,0.3227529434587366,-0.06030682819701135
1,1768896484.0507321,0.9680665210681967,0.3375342981487939,0.0,0.0,0.0,0.4057944192151354,0.9139643807796073,0.026995498705946037,0.002475500855507581,0.0,0.0,0.0,0.062190795748525325,0.0,0.0,0.0,0.0,0.9993329048156738,0.35660097002983093,1.0164660736848008,0.3225233926059392,-0.062121669438824224
2,1768896484.2098942,0.9716175971631886,0.334233158211233,0.0,0.0,0.0,0.4111062832609435,0.9115874197592752,0.026414915228660393,0.0006353819744415992,0.0,0.0,0.0,0.06239296861218019,1.0502413511276245,1.0502413511276245,0.8505913615226746,0.3209540545940399,0.0,0.0,1.0232033812870287,0.322504348204116,-0.0703789093966894
2,1768896484.698593,0.9824607596811397,0.3315291909236431,0.0,0.0,0.0,0.42207232943735434,0.9065621593268304,0.02731146426194011,-0.0008618518639790678,0.0,0.0,0.0,0.06311601260149123,1.0726011991500854,0.911,0.8830831050872803,0.3155450224876404,0.0,0.0,1.0332086849049171,0.3221082226813605,-0.08433140739849587
2,1768896485.058768,0.9960426233540143,0.3283207660942436,0.0,0.0,0.0,0.4343248273777723,0.9007563179480166,0.027803375375418313,-0.0022743791721168537,0.0,0.0,0.0,0.06256710764281044,1.0898594856262207,0.946,0.8902643918991089,0.311161607503891,0.0,0.0,1.0481925338266145,0.32124276401200413,-0.10450681789237719
2,1768896485.4537005,1.006850209303248,0.32574321894219654,0.0,0.0,0.0,0.44256189797452633,0.8967379586374076,0.02775500977675211,-0.00308587088521422,0.0,0.0,0.0,0.060891219049281645,1.100492000579834,0.948,0.8914483189582825,0.30931729078292847,0.0,0.0,1.0599821522097275,0.3203676508364668,-0.12238988865012083
1,1768896485.570712,1.017289809019003,0.3349265904578418,0.0,0.0,0.0,0.4462319825006864,0.8949173245576973,0.03098561138891381,0.0014919035406228834,0.0,0.0,0.0,0.06089121903367903,0.0,0.0,0.0,0.0,1.0362422466278076,0.3607381582260132,1.06457950419553,0.31987673129190874,-0.1277035643795763
2,1768896485.8627431,1.0251220920902355,0.33162028224329754,0.0,0.0,0.0,0.4488326899714672,0.8936158102971191,0.030570801615231336,-0.0003148728031234307,0.0,0.0,0.0,0.05790909101144563,1.1056545972824097,1.1056545972824097,0.8861241340637207,0.3031768798828125,0.0,0.0,1.0733260940890181,0.3190113842465496,-0.13717846881994641
2,1768896486.311974,1.0357088962677867,0.3282311734718433,0.0,0.0,0.0,0.45524841751773215,0.8903644637717751,0.029757569194851813,-0.001905169922029854,0.0,0.0,0.0,0.05558808655621501,1.118303656578064,1.091,0.9103071093559265,0.30012500286102295,0.0,0.0,1.0854619552460818,0.3177010697993754,-0.15022742396414224
1,1768896486.6636083,1.0579932790100761,0.33740656415390397,0.0,0.0,0.0,0.4639698431935885,0.8858509945848212,0.035492524301391624,0.0028264701027606942,0.0,0.0,0.0,0.05558808655494773,0.0,0.0,0.0,0.0,1.0870060920715332,0.3604821562767029,1.097057432542027,0.31628188808386437,-0.1630389608378594
2,1768896486.6842556,1.0576939493447626,0.3334942226454428,0.0,0.0,0.0,0.4593173594330232,0.8882722349164557,0.03381104817611821,0.0008394786831341749,0.0,0.0,0.0,0.051568978338723426,1.1251220703125,1.065,0.8947163224220276,0.2958500385284424,0.0,0.0,1.0973560967264886,0.31614150954855447,-0.1634211168870546
2,1768896487.5286672,1.0734078393446913,0.3274298329874317,0.0,0.0,0.0,0.46748473203156854,0.884001145540758,0.02916954195598824,-0.00226948410493232,0.0,0.0,0.0,0.04631847080540437,1.1494232416152954,1.1494232416152954,0.9060032963752747,0.28907716274261475,0.0,0.0,1.1233037846861442,0.31256534786902324,-0.19219410057794548
2,1768896487.801414,1.0836739526977854,0.32393401967742136,0.0,0.0,0.0,0.47332005622698103,0.8808905291653938,0.029603201504343504,-0.003485847400256167,0.0,0.0,0.0,0.04594047770757266,1.1778274774551392,1.1778274774551392,0.9807007908821106,0.28422003984451294,0.0,0.0,1.1348129173233419,0.31066241528700766,-0.20535616113428296
1,1768896488.1958694,1.1004056968029792,0.29895046757900096,0.0,0.0,0.0,0.48182441739573245,0.8762677848701634,0.031364888446492864,-0.013450371412217077,0.0,0.0,0.0,0.04594047770161484,0.0,0.0,0.0,0.0,1.1075489521026611,0.2554529011249542,1.1485985571961725,0.3082275882347222,-0.22048581807709808
2,1768896488.294421,1.1030895121065503,0.3016527881154641,0.0,0.0,0.0,0.4817618161819193,0.8763022038481352,0.031503590758898734,-0.011873299315549089,0.0,0.0,0.0,0.045048710352937,1.1805391311645508,1.021,0.9925013780593872,0.2776905596256256,0.0,0.0,1.1514086820465685,0.30754610010286054,-0.22367760727756764
2,1768896488.7143028,1.1249633913274293,0.3030030347470534,0.0,0.0,0.0,0.4915099580799099,0.870871954484863,0.03597144439773966,-0.009192495840030138,0.0,0.0,0.0,0.046243180701213714,1.2307854890823364,1.038,1.0457382202148438,0.2722539007663727,0.0,0.0,1.1641315747657792,0.3052347646007527,-0.23718757001828855
2,1768896489.1462414,1.142951999076033,0.3035456553930652,0.0,0.0,0.0,0.49818340738030126,0.8670716767435971,0.03728937997478346,-0.007201436826796193,0.0,0.0,0.0,0.04522437455390001,1.2320424318313599,1.2320424318313599,1.0272284746170044,0.2686372995376587,0.0,0.0,1.177403190785249,0.3023158917981513,-0.25258483663904713
1,1768896489.3948028,1.149987364497144,0.2682875534895788,0.0,0.0,0.0,0.5041408040573896,0.863621473612351,0.035098228169142445,-0.021901571400796606,0.0,0.0,0.0,0.045224374550365945,0.0,0.0,0.0,0.0,1.1360207796096802,0.19640076160430908,1.1873816336976788,0.3001201288404747,-0.26023355963054207
2,1768896489.4520564,1.1542134710425178,0.27698093522904543,0.0,0.0,0.0,0.49990814008765044,0.8660784326341963,0.036741986629388663,-0.01785949438493286,0.0,0.0,0.0,0.04262688629923414,1.2336759567260742,1.2336759567260742,1.0041109323501587,0.26491624116897583,0.0,0.0,1.1873816336976788,0.3001201288404747,-0.26023355963054207
2,1768896489.6978126,1.1638953352713646,0.2810660876988145,0.0,0.0,0.0,0.5000149251150672,0.8660167865937553,0.03744043557319761,-0.014020782894157553,0.0,0.0,0.0,0.04030784786796795,1.2362992763519287,1.2362992763519287,1.0054740905761719,0.26439395546913147,0.0,0.0,1.1957403593116662,0.29818107578516406,-0.2684504678563976
2,1768896490.166918,1.1839784161267028,0.2836137634641303,0.0,0.0,0.0,0.5043731162131161,0.8634858190158484,0.03885148329785069,-0.009524616090259615,0.0,0.0,0.0,0.038093484665096,1.2657690048217773,1.162,1.0202932357788086,0.25834769010543823,0.0,0.0,1.2105597218238782,0.2946846619195046,-0.28848974799733207
2,1768896490.7417593,1.201367607418813,0.28620727839241367,0.0,0.0,0.0,0.5089869180539053,0.8607742545232095,0.036265749078511544,-0.005794697903244382,0.0,0.0,0.0,0.035118396544537536,1.2762165069580078,1.118,1.0232462882995605,0.2529897391796112,0.0,0.0,1.2295843275437959,0.2897813730694796,-0.3183416465176953
1,1768896491.0369017,1.2022212579577554,0.25788081615930414,0.0,0.0,0.0,0.5130529103188912,0.858356983552482,0.031943035560425374,-0.01768974528715517,0.0,0.0,0.0,0.03511839654175124,0.0,0.0,0.0,0.0,1.179612398147583,0.20806221663951874,1.2385242900647955,0.2872255763346522,-0.3320373758014391
2,1768896491.1750705,1.2103888115650754,0.2663116044429704,0.0,0.0,0.0,0.5087145117890085,0.8609352736967343,0.034079233259658476,-0.013040358515231743,0.0,0.0,0.0,0.03157044454478375,1.2908869981765747,1.164,1.0123190879821777,0.2455328106880188,0.0,0.0,1.242293159858569,0.2862728507093151,-0.34206773304766896
2,1768896491.6646786,1.2209729980461066,0.26842162387104956,0.0,0.0,0.0,0.504787306013494,0.8632437521856959,0.0312048685850788,-0.009256163355985099,0.0,0.0,0.0,0.02536862757697274,1.2796869277954102,1.139,0.9653139114379883,0.24057403206825256,0.0,0.0,1.2589846841154946,0.2809369403863543,-0.3735960061796482
1,1768896492.0115588,1.2329740155506141,0.2882408303819991,0.0,0.0,0.0,0.508920652853114,0.8608134345487181,0.03144477732455606,0.0009610473537246811,0.0,0.0,0.0,0.025368627577787954,0.0,0.0,0.0,0.0,1.2356269359588623,0.3321223556995392,1.2721854127563084,0.27636783585061475,-0.38895038453092046
2,1768896492.0889382,1.2292826322323998,0.2878962640868415,0.0,0.0,0.0,0.500232085071047,0.8658913679356509,0.02890240852140597,0.0007545354854350893,0.0,0.0,0.0,0.020005652827028812,1.2749344110488892,1.149,0.9666432738304138,0.23293046653270721,0.0,0.0,1.2721854127563084,0.27636783585061475,-0.38895038453092046
2,1768896492.5916097,1.2464970748765494,0.2886996938476611,0.0,0.0,0.0,0.5005596290700467,0.865702060610495,0.030046252456449738,0.0009582332751692148,0.0,0.0,0.0,0.017629112742229076,1.3236852884292603,1.168,1.0138672590255737,0.2271881401538849,0.0,0.0,1.2932328326711933,0.26801531866134976,-0.4100181931139658
1,1768896492.9304712,1.2635099849391154,0.30362061762239156,0.0,0.0,0.0,0.5031428861383849,0.8642032377446501,0.0333864428337282,0.007505503942966798,0.0,0.0,0.0,0.017629112743451428,0.0,0.0,0.0,0.0,1.2815552949905396,0.33301877975463867,1.3046570284901096,0.26368404069725915,-0.4237851463410623
2,1768896493.0552053,1.2697041499725934,0.30130375583126523,0.0,0.0,0.0,0.4982658080572654,0.8670243275254971,0.034345776297344734,0.006069356403108627,0.0,0.0,0.0,0.014309617197984462,1.3383139371871948,1.168,0.994648814201355,0.22060522437095642,0.0,0.0,1.3107103552004167,0.2611369212151966,-0.431157986766858
2,1768896493.5686898,1.2799546611320844,0.29728002463403413,0.0,0.0,0.0,0.48906471779260346,0.87224750031768,0.030931985730728737,0.0028064046509126417,0.0,0.0,0.0,0.0072933464656517785,1.3316134214401245,1.195,0.9212621450424194,0.2143774926662445,0.0,0.0,1.3286201278908727,0.25357263724856116,-0.45245168225851845
2,1768896493.982282,1.2856343276036177,0.28939814682235254,0.0,0.0,0.0,0.4778761165623801,0.87842724070879,0.027582006459116074,-0.0012195455017430298,0.0,0.0,0.0,0.0002537281333517081,1.340542197227478,1.219,0.8913512229919434,0.20469583570957184,0.0,0.0,1.342582819418911,0.24714854909544326,-0.47038289919913867
2,1768896494.2345653,1.2884829794580348,0.2822254303062074,0.0,0.0,0.0,0.4667267560369902,0.8844015689714644,0.025705223002166905,-0.004223212768973533,0.0,0.0,0.0,-0.005986921632303752,1.3460173606872559,1.232,0.8671212196350098,0.20139546692371368,0.0,0.0,1.3500072779027983,0.24384997644016493,-0.480668740405135
2,1768896494.4105105,1.2918254940151235,0.27717354341915634,0.0,0.0,0.0,0.45862083464589726,0.8886320554811764,0.024975993730810497,-0.006078401101567133,0.0,0.0,0.0,-0.010226052361821832,1.3513342142105103,1.217,0.8739924430847168,0.20113135874271393,0.0,0.0,1.3560004295940837,0.2410991829669994,-0.48960218288356355
1,1768896494.47878,1.3015404617917639,0.2866018864360844,0.0,0.0,0.0,0.458374168604329,0.8887593158759519,0.028985750568120947,-0.001786624122559607,0.0,0.0,0.0,-0.010226052360609163,0.0,0.0,0.0,0.0,1.3337793350219727,0.31324130296707153,1.3576617381648846,0.24018682644189426,-0.4915752516981428
2,1768896494.8439882,1.309534568557003,0.2803940547840986,0.0,0.0,0.0,0.44817599335720637,0.8939453445140152,0.02745680608981532,-0.004433243091455103,0.0,0.0,0.0,-0.015066545168761915,1.3575423955917358,1.25,0.8455609083175659,0.1953432857990265,0.0,0.0,1.370347622170124,0.23409967210766502,-0.5061660122844214
2,1768896495.328299,1.3264031168122319,0.273384930508094,0.0,0.0,0.0,0.44397048437035275,0.8960414103198324,0.029679879810824934,-0.006743064092053283,0.0,0.0,0.0,-0.01573044836287986,1.4013416767120361,1.253,0.9092479348182678,0.1884838342666626,0.0,0.0,1.3800809525230868,0.22884696218056877,-0.5067390346646016
2,1768896495.6279707,1.333079011649228,0.2653583341563314,0.0,0.0,0.0,0.43724765723468445,0.8993411400813264,0.028198517989051992,-0.009463183983953436,0.0,0.0,0.0,-0.018321271157626145,1.3899983167648315,1.293,0.8616762757301331,0.183905690908432,0.0,0.0,1.3853924013161782,0.22598964748893846,-0.5062753411878227
2,1768896495.8155046,1.3361142938851323,0.25965051936672207,0.0,0.0,0.0,0.4320034025770911,0.9018719754831147,0.026920517324707106,-0.011235230723276245,0.0,0.0,0.0,-0.02042635831191261,1.3898799419403076,1.288,0.8548852801322937,0.18338286876678467,0.0,0.0,1.3867042502037428,0.2252171930951452,-0.5062877569950753
1,1768896495.9527767,1.3488560230457418,0.26884367934123815,0.0,0.0,0.0,0.43068987400607534,0.9024999902651695,0.031503735037795855,-0.006241475675132315,0.0,0.0,0.0,-0.020426358312942438,0.0,0.0,0.0,0.0,1.3793156147003174,0.2943890690803528,1.3874925441594044,0.2246806423620511,-0.5065616632827031
2,1768896496.1407871,1.3517279143703471,0.26392198083321916,0.0,0.0,0.0,0.426121094625514,0.9046661332862824,0.03024733638407726,-0.008085851241719077,0.0,0.0,0.0,-0.022202205522987295,1.3936591148376465,1.283,0.8481801152229309,0.18050609529018402,0.0,0.0,1.3886139490360438,0.22425116730114514,-0.5063871924233391
2,1768896496.384513,1.3554172667361597,0.25923178050687523,0.0,0.0,0.0,0.4224038866514237,0.9064077209191078,0.028757706258157097,-0.009569098405430927,0.0,0.0,0.0,-0.023149148863471043,1.3967431783676147,1.286,0.8542020916938782,0.18042618036270142,0.0,0.0,1.3900882551869638,0.22332701128888,-0.506479570553621
2,1768896496.7786748,1.360469968120257,0.251955366066394,0.0,0.0,0.0,0.41714962988244825,0.9088378217751154,0.02433197597996676,-0.011107884568945885,0.0,0.0,0.0,-0.023446418600933314,1.3978649377822876,1.301,0.8555964231491089,0.17935027182102203,0.0,0.0,1.3930479271581577,0.22183511912896203,-0.5050985427695026
1,1768896497.186453,1.3844058402901982,0.25137632348803646,0.0,0.0,0.0,0.4128685456333582,0.9107906257898111,0.03176481099522482,-0.009135479683684448,0.0,0.0,0.0,-0.02344641860347504,0.0,0.0,0.0,0.0,1.4174370765686035,0.2596399784088135,1.3966565749577091,0.22002004761544203,-0.5065769672916997
2,1768896497.2722337,1.3778614560947076,0.24941643446715647,0.0,0.0,0.0,0.4138414859831023,0.9103489575318344,0.027866997973689255,-0.0099878037477098,0.0,0.0,0.0,-0.022652017022771857,1.4035577774047852,1.293,0.8658934235572815,0.17802172899246216,0.0,0.0,1.3968116709289184,0.21985702931352769,-0.5072930045711946
2,1768896497.7202687,1.3799075664637728,0.24380507467982515,0.0,0.0,0.0,0.4122427722333696,0.9110740347202011,0.022253552744970158,-0.010555330041357502,0.0,0.0,0.0,-0.020726116343440976,1.410254955291748,1.303,0.8783168196678162,0.17734967172145844,0.0,0.0,1.3993354860730411,0.21859711164736284,-0.5126697734271692
2,1768896498.276013,1.376596513299626,0.23834422218966084,0.0,0.0,0.0,0.41097052770893244,0.9116486304243766,0.015180955324686395,-0.010722799320983042,0.0,0.0,0.0,-0.018632658371474823,1.413612723350525,1.303,0.8763550519943237,0.1764840930700302,0.0,0.0,1.402376483560372,0.21706837225300668,-0.5160444920482673
2,1768896498.5315166,1.3670960250551423,0.23518444563689245,0.0,0.0,0.0,0.40881997438074014,0.9126150494854504,0.008593553364854414,-0.010797414620337863,0.0,0.0,0.0,-0.018390774031805775,1.4018337726593018,1.303,0.8459708094596863,0.17563098669052124,0.0,0.0,1.4063255171918434,0.21498411860378797,-0.5178734005563639
1,1768896498.8708193,1.3831609281122224,0.24747482754956465,0.0,0.0,0.0,0.4058023678771746,0.9139608515824287,0.014663127073685032,-0.004012283910143418,0.0,0.0,0.0,-0.018390774035324534,0.0,0.0,0.0,0.0,1.4144405126571655,0.27377068996429443,1.4104280283791302,0.2128586826583121,-0.5269249019770368
2,1768896499.3954914,1.3719740641788731,0.24124751926249738,0.0,0.0,0.0,0.4009551332881537,0.916097691892016,0.006669069813551727,-0.005929065282974973,0.0,0.0,0.0,-0.018962426982453748,1.3950573205947876,1.324,0.8179420828819275,0.17112798988819122,0.0,0.0,1.411377143402221,0.2125536453852056,-0.5402713471737778
2,1768896499.9798002,1.3533616806033306,0.2335495801286494,0.0,0.0,0.0,0.3938882777698855,0.9191583240309982,-0.0028851872099922033,-0.0076298697456096045,0.0,0.0,0.0,-0.019884435714130223,1.3846728801727295,1.326,0.7981919646263123,0.17065122723579407,0.0,0.0,1.4289746015604452,0.2028065024013912,-0.6900565759661665
1,1768896500.2726758,1.3807762497724874,0.24002350530177932,0.0,0.0,0.0,0.39108750365512884,0.9203534997406158,0.00879110136448895,-0.004147787914622144,0.0,0.0,0.0,-0.019884435715741933,0.0,0.0,0.0,0.0,1.4409359693527222,0.25613129138946533,1.4401659102420394,0.19429358345551873,-0.7221275911461252
2,1768896500.5037546,1.375031960907035,0.23519155267882583,0.0,0.0,0.0,0.3854127293217494,0.92274429181478,0.0055389457106723595,-0.005669293772797561,0.0,0.0,0.0,-0.02170297047951374,1.4087159633636475,1.316,0.7675437331199646,0.1623191088438034,0.0,0.0,1.4494388447084872,0.1868793832003589,-0.7409304825807094
2,1768896501.0151434,1.3783247837862493,0.22738059232705357,0.0,0.0,0.0,0.37745839712253987,0.9260265430546162,0.00568293957721313,-0.007562367496349253,0.0,0.0,0.0,-0.023076832348007562,1.4387441873550415,1.339,0.7553222179412842,0.15218600630760193,0.0,0.0,1.468389428369468,0.17049905868425475,-0.7749031588813279
1,1768896501.791769,1.3914700142851018,0.2431401431992309,0.0,0.0,0.0,0.36909779549471017,0.9293905623369247,0.009296631149314857,0.0003828472420371199,0.0,0.0,0.0,-0.023076832349721497,0.0,0.0,0.0,0.0,1.4071005582809448,0.26986658573150635,1.5002455641541204,0.14019986691665953,-0.7453272321484606
2,1768896501.877508,1.3968493527350245,0.23168477844407748,0.0,0.0,0.0,0.3620048833042865,0.9321761981856488,0.011180807358936218,-0.0037390304254990014,0.0,0.0,0.0,-0.026211706537571114,1.4569722414016724,1.4569722414016724,0.7011294364929199,0.1283377707004547,0.0,0.0,1.5025647792972525,0.13803707626908923,-0.7394930639355526
2,1768896502.384581,1.4198596465804907,0.21680201488444392,0.0,0.0,0.0,0.3647900695868763,0.9310897943435971,0.018116502453376072,-0.008494671549110596,0.0,0.0,0.0,-0.02181383831193564,1.5100516080856323,1.5100516080856323,0.8066220879554749,0.11400812119245529,0.0,0.0,1.5248696504482795,0.1187375849434048,-0.6870706671999273
2,1768896502.669059,1.4354909270347465,0.20491492408643244,0.0,0.0,0.0,0.3687790385627045,0.9295170900616982,0.022662863745885484,-0.012119954806451142,0.0,0.0,0.0,-0.018733101074184924,1.5126605033874512,1.5126605033874512,0.8051751852035522,0.11295409500598907,0.0,0.0,1.5311628247997735,0.113153121963399,-0.6759151560571719
2,1768896503.018885,1.4852521620644759,0.1953920112516146,0.0,0.0,0.0,0.3853258047505687,0.9227805937455158,0.04070479657234515,-0.013801525831715978,0.0,0.0,0.0,-0.009380276788496109,1.6426453590393066,1.6426453590393066,0.9534066319465637,0.10481052100658417,0.0,0.0,1.5399394936152095,0.10657208271695418,-0.6585946030805157
1,1768896503.2850006,1.49742333280968,0.20020488925384503,0.0,0.0,0.0,0.3841852862457189,0.9232560131579404,0.04142460662629658,-0.010475616551978631,0.0,0.0,0.0,-0.00938027678864909,0.0,0.0,0.0,0.0,1.5026061534881592,0.21550515294075012,1.546983384525118,0.10128578788276454,-0.6453368761205973
2,1768896503.3442938,1.5227124697952255,0.19666512963465985,0.0,0.0,0.0,0.39799503235357636,0.9173875703441134,0.051879006051531444,-0.011495867172623703,0.0,0.0,0.0,-0.0026380858569920477,1.642281174659729,1.642281174659729,0.9439903497695923,0.10436378419399261,0.0,0.0,1.546983384525118,0.10128578788276454,-0.6453368761205973
2,1768896503.6576521,1.5587792472463615,0.18914929303533803,0.0,0.0,0.0,0.41096549164679536,0.9116509006607232,0.06149606729020953,-0.012965295982291089,0.0,0.0,0.0,0.004083620948830108,1.6600372791290283,1.6600372791290283,0.9749355316162109,0.09889262169599533,0.0,0.0,1.5564884089004605,0.09418105201318705,-0.6252848814547093
2,1768896504.4419737,1.6375251876562522,0.17397911444980046,0.0,0.0,0.0,0.43436339683215797,0.9007377195901309,0.07543384418215182,-0.01473893160606315,0.0,0.0,0.0,0.015689055834438984,1.747141718864441,1.747141718864441,1.0739490985870361,0.0893961563706398,0.0,0.0,1.5763820073656079,0.08054373845553142,-0.5872699571898322
2,1768896504.7115366,1.6693200598406186,0.1667919213337033,0.0,0.0,0.0,0.4516459048582383,0.8921972744997505,0.08131464895598468,-0.01606258331486457,0.0,0.0,0.0,0.023971431309955816,1.7488760948181152,1.7488760948181152,1.0776562690734863,0.08914338797330856,0.0,0.0,1.5831324969309957,0.07600233257236522,-0.575448396920588
1,1768896504.7624762,1.6448117633845434,0.1622965502736062,0.0,0.0,0.0,0.45211025847070613,0.8919620587141313,0.06855829717586964,-0.017781893337403293,0.0,0.0,0.0,0.023971431313229385,0.0,0.0,0.0,0.0,1.559970498085022,0.15165936946868896,1.583592092450381,0.07577586277733017,-0.5744351942780619
2,1768896505.406152,1.7060646735361582,0.14932769566168666,0.0,0.0,0.0,0.4690652779104767,0.8831634984864168,0.076501915000897,-0.018304128151344693,0.0,0.0,0.0,0.029472663919785605,1.787477731704712,1.569,1.0572021007537842,0.07995595782995224,0.0,0.0,1.6018300725508305,0.06427459051950568,-0.5427057338194117
2,1768896505.6842453,1.7356330589354263,0.14341056820233034,0.0,0.0,0.0,0.4800134366078146,0.8772611359657714,0.0799027840710149,-0.01851374805466637,0.0,0.0,0.0,0.03341618381716368,1.7980908155441284,1.572,1.0653330087661743,0.07965696603059769,0.0,0.0,1.6109862498808067,0.058695964085890284,-0.5254208938183437
1,1768896506.1274297,1.7135378520288058,0.1370927490194479,0.0,0.0,0.0,0.4862106197818549,0.8738416522524802,0.0547203807393566,-0.018249763179278875,0.0,0.0,0.0,0.03341618381668984,0.0,0.0,0.0,0.0,1.5888981819152832,0.13425998389720917,1.6214437180086785,0.052694107304920745,-0.5047257925624178
2,1768896506.1640708,1.7158320914384357,0.13552686667781816,0.0,0.0,0.0,0.4804778826806244,0.8770068439041648,0.054872361858306615,-0.018603039793764063,0.0,0.0,0.0,0.029985301659044294,1.748437523841858,1.748437523841858,0.9474126100540161,0.07535437494516373,0.0,0.0,1.6219165784302705,0.052412131229459646,-0.5037174130873597
2,1768896506.6362288,1.735677624811994,0.12725316374912402,0.0,0.0,0.0,0.47938444062684593,0.8776050125682316,0.052985212562479136,-0.018708669309881968,0.0,0.0,0.0,0.026200101107375053,1.7620315551757812,1.598,0.9396905899047852,0.07353086024522781,0.0,0.0,1.6367730575136197,0.04434161751805665,-0.4749754066520431
2,1768896507.034106,1.7514670473435199,0.12039577621080473,0.0,0.0,0.0,0.4765577666770386,0.879143159570609,0.050757600891191884,-0.018586458014229937,0.0,0.0,0.0,0.022126513636767372,1.7814321517944336,1.621,0.9273470044136047,0.07055307924747467,0.0,0.0,1.6479533347701958,0.03886977061179908,-0.4538750036508033
2,1768896507.4003286,1.7599180515372468,0.11325740330509151,0.0,0.0,0.0,0.47258524743606806,0.8812849618062198,0.045396385864093135,-0.018599506277952076,0.0,0.0,0.0,0.017751793061041153,1.7787479162216187,1.621,0.9125174880027771,0.06627696007490158,0.0,0.0,1.6603347625324105,0.032569643655920744,-0.43027674921958187
2,1768896507.6406846,1.7677967093727174,0.11040672051862721,0.0,0.0,0.0,0.47060283257640595,0.8823451558041576,0.044345429892783374,-0.018103506002362005,0.0,0.0,0.0,0.015653521332174854,1.8064738512039185,1.653,0.9420152902603149,0.06601759046316147,0.0,0.0,1.6669052762525238,0.02959040228764076,-0.4175519540172972
1,1768896507.7059388,1.7424463035075168,0.11027189376579408,0.0,0.0,0.0,0.4710925464371307,0.8820837900627014,0.030981500117617883,-0.017815889619524683,0.0,0.0,0.0,0.015653521330717422,0.0,0.0,0.0,0.0,1.6474298238754272,0.1087583675980568,1.668698010847852,0.0288216375429593,-0.4142137254753146
2,1768896508.041822,1.7599967793706937,0.10566037650367703,0.0,0.0,0.0,0.46728799088465406,0.8841051597943446,0.03482628491780062,-0.017309401992073974,0.0,0.0,0.0,0.012210314615483272,1.8160797357559204,1.681,0.9124854803085327,0.06241174042224884,0.0,0.0,1.6790013165050346,0.02433087822781077,-0.3950508394549498
2,1768896508.5749667,1.781274916221477,0.098154146300165,0.0,0.0,0.0,0.46339795007779855,0.8861502919164977,0.03684315168759071,-0.016826290253656468,0.0,0.0,0.0,0.008381809471430982,1.8315619230270386,1.716,0.9022828340530396,0.0575823113322258,0.0,0.0,1.693734518927969,0.01837306023000984,-0.365948033694435
1,1768896508.6709392,1.762403370844606,0.09095134842426748,0.0,0.0,0.0,0.46403090336175545,0.8858190112688219,0.024215581010118566,-0.018760994281327843,0.0,0.0,0.0,0.008381809470522961,0.0,0.0,0.0,0.0,1.691388726234436,0.08232251554727554,1.6995185107615431,0.015928920168833294,-0.3552416250036125
2,1768896509.0991497,1.7919736402356574,0.0866497948455654,0.0,0.0,0.0,0.4632034672619634,0.8862519663823011,0.03450499686496422,-0.017505907643385582,0.0,0.0,0.0,0.007094103468416708,1.8782458305358887,1.649,0.944255530834198,0.05446723848581314,0.0,0.0,1.7095991104538135,0.012147835234682547,-0.3353783646901598
2,1768896509.4704478,1.8135828554793672,0.08294652965820574,0.0,0.0,0.0,0.4589074197012823,0.8884840911029928,0.03926651153024674,-0.016463529121096374,0.0,0.0,0.0,0.003975425062878615,1.8748785257339478,1.703,0.9054574966430664,0.05149996280670166,0.0,0.0,1.7220914272668093,0.007938114755745462,-0.31145465739353556
1,1768896509.8104584,1.7936967118604172,0.07595243645643593,0.0,0.0,0.0,0.4595809394024678,0.8881358905809095,0.02246783216277154,-0.016877489491937774,0.0,0.0,0.0,0.003975425063015385,0.0,0.0,0.0,0.0,1.712043046951294,0.07330214977264404,1.7340821150460464,0.004308518281061158,-0.2885853889478111
2,1768896509.953104,1.8100242342627473,0.0769990522908221,0.0,0.0,0.0,0.4511710600785432,0.8924374905547187,0.0293575364567596,-0.015796992862916154,0.0,0.0,0.0,-0.0009163292310630823,1.8814083337783813,1.738,0.8627384305000305,0.05020202696323395,0.0,0.0,1.7353237540715,0.003856444583563934,-0.285789604324545
2,1768896510.348761,1.8225070835705177,0.07326854926434603,0.0,0.0,0.0,0.43963415181345966,0.8981769383363503,0.02982944442877282,-0.014737458750225087,0.0,0.0,0.0,-0.0074166476417848294,1.8579750061035156,1.751,0.8113957047462463,0.04810387268662453,0.0,0.0,1.748418357101146,-2.6185544996559784e-05,-0.26092163568653304
2,1768896510.8116145,1.841197993452799,0.07007884186571813,0.0,0.0,0.0,0.42878109248932006,0.9034084207730549,0.03232933474462319,-0.013266477084176106,0.0,0.0,0.0,-0.012716551848657852,1.8940156698226929,1.779,0.8068395256996155,0.046678576618433,0.0,0.0,1.7607415995407152,-0.0032041428159145235,-0.24447413963268944
1,1768896511.022092,1.8191626100425977,0.0655671901497355,0.0,0.0,0.0,0.42750798100480913,0.9040115741389553,0.018325804565288668,-0.01398876576609279,0.0,0.0,0.0,-0.012716551847598916,0.0,0.0,0.0,0.0,1.7428661584854126,0.06196888908743858,1.767290040310408,-0.004903661696906925,-0.23517775439575353
2,1768896511.1552036,1.8472693533781077,0.06690087421044269,0.0,0.0,0.0,0.4200127331833067,0.9075182113676223,0.0306072545576416,-0.012525831547792405,0.0,0.0,0.0,-0.01643631792176506,1.9538935422897339,1.76,0.8093363046646118,0.04601909965276718,0.0,0.0,1.7719166315267296,-0.006152332641961689,-0.2265418380838462
2,1768896511.3386664,1.8892271525928481,0.0681890009730624,0.0,0.0,0.0,0.41989104452833503,0.9075745207556808,0.04853433145012042,-0.010819094489067071,0.0,0.0,0.0,-0.01566745287047791,2.0362861156463623,1.765,0.8799160122871399,0.04584494233131409,0.0,0.0,1.777227985417704,-0.007451036115392995,-0.21685905481815662
2,1768896511.7165835,1.9393241601791484,0.06818196213352157,0.0,0.0,0.0,0.416935462212318,0.9089360925553571,0.06562398106240525,-0.009045616820786818,0.0,0.0,0.0,-0.015903009141324663,2.0681216716766357,1.779,0.8561314344406128,0.04418858140707016,0.0,0.0,1.7887504963863634,-0.009825095475883172,-0.19232213540668314
2,1768896512.1498933,1.9854435538225885,0.06847404742958896,0.0,0.0,0.0,0.41037246333773814,0.9119180014311138,0.07554197547823954,-0.007295340399326488,0.0,0.0,0.0,-0.01798689425430973,2.073056221008301,1.836,0.8115466833114624,0.04360920563340187,0.0,0.0,1.8018931662728814,-0.012484032793641298,-0.16542605571388827
2,1768896512.6172419,2.0118863323885345,0.06834177482433355,0.0,0.0,0.0,0.39851490896819913,0.9171618544891997,0.0713458773085253,-0.006021983746244453,0.0,0.0,0.0,-0.022621885961425198,2.039793014526367,1.862,0.747463047504425,0.041743092238903046,0.0,0.0,1.8165724770608889,-0.01513484305430346,-0.1338584089994431
1,1768896512.75078,1.9583634732938937,0.061011813584375546,0.0,0.0,0.0,0.39669447770260674,0.9179507020315721,0.03965638223032033,-0.00866215839156185,0.0,0.0,0.0,-0.022621885962344965,0.0,0.0,0.0,0.0,1.7868130207061768,0.05057961121201515,1.8217149273862407,-0.0158072597133474,-0.12242659662312293
2,1768896513.0679371,1.9734629369902337,0.06163363227841152,0.0,0.0,0.0,0.38267682590269236,0.9238822689699377,0.04224978663212667,-0.007552285147929496,0.0,0.0,0.0,-0.029106382671050316,2.0185916423797607,1.888,0.6856892108917236,0.04026571288704872,0.0,0.0,1.829300600078194,-0.01651475324444729,-0.10584254580903094
2,1768896513.4998088,1.9992123307453127,0.061340957616813394,0.0,0.0,0.0,0.3669965344266138,0.9302223087621879,0.04509413301456892,-0.0062397101952864475,0.0,0.0,0.0,-0.03434457044032914,2.0509893894195557,1.836,0.6735964417457581,0.039173975586891174,0.0,0.0,1.8440519156061803,-0.01846507473910952,-0.07438990487294533
1,1768896513.7898936,1.9459192911959018,0.06277759802745228,0.0,0.0,0.0,0.3620287765565133,0.93216691903596,0.013170949916967933,-0.005099074997056187,0.0,0.0,0.0,-0.03434457043512841,0.0,0.0,0.0,0.0,1.7822521924972534,0.06460905075073242,1.8544427637513587,-0.01928395005341399,-0.052034397486331006
2,1768896513.951829,1.9350211559819477,0.06306655683614347,0.0,0.0,0.0,0.3427840019542897,0.9394142472861488,0.007095050748641793,-0.004724400407898311,0.0,0.0,0.0,-0.043599052798369675,1.9239223003387451,1.797,0.5634922385215759,0.03816629573702812,0.0,0.0,1.858663327721513,-0.019503467022935816,-0.04338694559646992
2,1768896514.3443618,1.9197321404723606,0.062239738545384,0.0,0.0,0.0,0.31861833658605704,0.9478830917318517,-0.0016992091676841636,-0.004377475885128031,0.0,0.0,0.0,-0.05249837550964492,1.9035946130752563,1.836,0.5135589241981506,0.03728018328547478,0.0,0.0,1.8706715102927554,-0.020018217831891394,-0.0181206338428663
2,1768896514.5590904,1.9003746608781034,0.0621770167477677,0.0,0.0,0.0,0.30030086070451684,0.9538445329612821,-0.011068672844921105,-0.0040668905260785385,0.0,0.0,0.0,-0.05947546407250071,1.8782331943511963,1.857,0.49215584993362427,0.037245385348796844,0.0,0.0,1.8777241018540216,-0.020332866369700553,-0.0035581686696245125
1,1768896514.8779871,1.8697880249313121,0.05946162010526829,0.0,0.0,0.0,0.2904487739370855,0.9568905421825653,-0.024493482444360854,-0.004675675642418494,0.0,0.0,0.0,-0.059475464071560714,0.0,0.0,0.0,0.0,1.797252893447876,0.056529365479946136,1.8881065133166761,-0.02049287127806243,0.0170545393163222
2,1768896515.0877762,1.8603370343598695,0.05964352060089713,0.0,0.0,0.0,0.2753038510887138,0.9613572642757339,-0.02710942653160457,-0.0042754540152580775,0.0,0.0,0.0,-0.06494573529945882,1.8715764284133911,1.862,0.4733043909072876,0.036466874182224274,0.0,0.0,1.893974549329255,-0.020541882673756895,0.028930735144906503
2,1768896515.4718833,1.842785646049366,0.058789683891091266,0.0,0.0,0.0,0.2551219486186409,0.9669088847109781,-0.030509432573190064,-0.003923705033399006,0.0,0.0,0.0,-0.06902855062100256,1.859086275100708,1.898,0.4530593454837799,0.03514619544148445,0.0,0.0,1.9041790137699963,-0.020263956951187212,0.04256757697429077
2,1768896515.9057689,1.8280689007662976,0.058275175574497004,0.0,0.0,0.0,0.237527379761774,0.9713808438833381,-0.031125548171966343,-0.0034230859804062616,0.0,0.0,0.0,-0.07054322307737416,1.8676490783691406,1.925,0.456695020198822,0.03490146994590759,0.0,0.0,1.9133792377111538,-0.01989226289570134,0.04251422577415856
2,1768896516.2528882,1.8251547808192725,0.0586584216080816,0.0,0.0,0.0,0.22808783935066573,0.9736405586972766,-0.027656835371868412,-0.0028057985538901863,0.0,0.0,0.0,-0.06962333220670394,1.8881101608276367,1.964,0.4748987555503845,0.034972209483385086,0.0,0.0,1.922534377951583,-0.019339477723360088,0.0580551950201476
1,1768896516.3318067,1.8295972284836,0.05401087648658696,0.0,0.0,0.0,0.22561235627930581,0.9742171547935807,-0.024592869558098935,-0.004552769782838398,0.0,0.0,0.0,-0.0696233321959954,0.0,0.0,0.0,0.0,1.8490300178527832,0.04795488715171814,1.9243213410915383,-0.019320459009204982,0.061381030727502096
2,1768896516.6172385,1.8323402894618577,0.05451561513397788,0.0,0.0,0.0,0.21990748017049594,0.9755207328217391,-0.01985395019899468,-0.0037971119952856583,0.0,0.0,0.0,-0.06768380066998175,1.8909612894058228,1.976,0.47486981749534607,0.03503250330686569,0.0,0.0,1.9287316531101406,-0.018925688228295767,0.06565295016772245
2,1768896516.9617794,1.839901080320893,0.055349259930744424,0.0,0.0,0.0,0.2146524627496635,0.9766904935728126,-0.012303211207071587,-0.002815990470554649,0.0,0.0,0.0,-0.06400895327030329,1.9157240390777588,1.925,0.4923035502433777,0.03543255105614662,0.0,0.0,1.9331991518419827,-0.01836998173286497,0.06815258102522044
2,1768896517.6255448,1.8365439096105318,0.056202068828880014,0.0,0.0,0.0,0.20281163734553048,0.9792177693226493,-0.010144484767947244,-0.0017485092669236116,0.0,0.0,0.0,-0.05964236856252926,1.8954910039901733,1.958,0.47071102261543274,0.0357661098241806,0.0,0.0,1.941579015260751,-0.01843165264488633,0.11067880068988303
1,1768896517.696804,1.8492784860567626,0.051330401726972945,0.0,0.0,0.0,0.20027127890148846,0.9797404834175029,-0.0037978199074848633,-0.003568171207188375,0.0,0.0,0.0,-0.059642368567435225,0.0,0.0,0.0,0.0,1.8849029541015625,0.045681729912757874,1.9420185094845084,-0.018519876130590474,0.11283089070121653
2,1768896518.066589,1.8540119603312117,0.052440542900808226,0.0,0.0,0.0,0.20107084512410034,0.9795767020713998,-0.0008818402155128693,-0.0025647964310741957,0.0,0.0,0.0,-0.05348569800306602,1.9025591611862183,1.976,0.4925468862056732,0.03548440337181091,0.0,0.0,1.9501803812420409,-0.017793726973602486,0.13931590379502623
2,1768896518.5606365,1.8597995595596746,0.05416166026616871,0.0,0.0,0.0,0.2031071712385815,0.979156513021009,0.001993644808064094,-0.0014402523563861757,0.0,0.0,0.0,-0.046769403194584634,1.9137459993362427,1.999,0.5074677467346191,0.03594641387462616,0.0,0.0,1.95962000825195,-0.016260594116380922,0.16363303631457318
2,1768896518.9783978,1.8589947966816183,0.05667353870955265,0.0,0.0,0.0,0.20405349097054967,0.978959740143961,0.001199320666068043,-0.0002226318709546743,0.0,0.0,0.0,-0.04058712831188424,1.9033262729644775,2.047,0.5012050271034241,0.03740828484296799,0.0,0.0,1.9721239416614211,-0.014654363026368578,0.21088971848990307
1,1768896519.0562587,1.8695326552615221,0.05508780073502664,0.0,0.0,0.0,0.20243295265063216,0.9792961246125438,0.00584669377138584,-0.0007914000936103067,0.0,0.0,0.0,-0.04058712831330004,0.0,0.0,0.0,0.0,1.8985154628753662,0.053418442606925964,1.9735456271173448,-0.014509976738769081,0.2141151953791495
2,1768896519.2796056,1.8713460511734497,0.05688781465731411,0.0,0.0,0.0,0.20833626274458975,0.9780572588686295,0.006157244086253909,-2.9577543122360703e-05,0.0,0.0,0.0,-0.03565997748070204,1.901350736618042,2.066,0.4988441467285156,0.037576012313365936,0.0,0.0,1.9765487216876807,-0.013811246049961201,0.20811031703778385
2,1768896519.6953483,1.8802638699163057,0.05960048191717424,0.0,0.0,0.0,0.2136741761297299,0.9769049833301503,0.009284102442501038,0.001088494159111116,0.0,0.0,0.0,-0.029312437065713973,1.931910514831543,1.97,0.532466471195221,0.03933561593294144,0.0,0.0,1.985861650094219,-0.011085514130768526,0.19181690718674418
1,1768896520.523099,1.913755120672511,0.07056593093035726,0.0,0.0,0.0,0.2015176807853568,0.9794848770302128,0.020595809744917773,0.004865360627385341,0.0,0.0,0.0,-0.029312437060983396,0.0,0.0,0.0,0.0,1.9554723501205444,0.08076661825180054,1.9896514125829978,-0.01036293046764758,0.18893688338029055
2,1768896520.659805,1.9321371153815545,0.07284137539076882,0.0,0.0,0.0,0.21640126846303295,0.9763045073170513,0.027667474253458703,0.005555682056279566,0.0,0.0,0.0,-0.021261592861695974,2.001504421234131,2.041,0.5382835865020752,0.04159672558307648,0.0,0.0,1.989641308072815,-0.010233974740390117,0.1890018167868011
2,1768896521.4987502,1.9516017005861848,0.07803366003197137,0.0,0.0,0.0,0.22714532016264885,0.9738608748318252,0.025892302254028707,0.005689097299344553,0.0,0.0,0.0,-0.011995093745267733,1.993009328842163,2.023,0.5661392211914062,0.04112909361720085,0.0,0.0,1.993371909475057,-0.010476673371953016,0.2869628704710819
2,1768896521.7901206,1.9532362245867705,0.07960464392664975,0.0,0.0,0.0,0.23797992314125774,0.9712700737599615,0.023657423971507007,0.005666177068118799,0.0,0.0,0.0,-0.006214142528119962,1.9894509315490723,1.987,0.5627184510231018,0.041119273751974106,0.0,0.0,2.000922248085489,-0.009124940694886674,0.339752527513451
1,1768896522.056844,1.9627319731566235,0.0859259638826063,0.0,0.0,0.0,0.23717078279300355,0.9714679715715562,0.024922868513306162,0.007291695708941953,0.0,0.0,0.0,-0.006214142527595945,0.0,0.0,0.0,0.0,1.970495343208313,0.09150666743516922,2.010166500327209,-0.006028756027350424,0.390106464634929
1,1768896523.2765996,1.9808285179234564,0.10627106159831298,0.0,0.0,0.0,0.23356067631750385,0.9723422290932912,0.020701693229887852,0.010991795968588213,0.0,0.0,0.0,-0.006214142527712192,0.0,0.0,0.0,0.0,1.9659532308578491,0.11692336946725845,2.0565304854829503,0.01567450803321424,0.5106813112361244
2,1768896523.8593163,1.941765674112464,0.10980347250184289,0.0,0.0,0.0,0.24157801454184685,0.9703814007337627,0.0031740812283834845,0.009942625249998506,0.0,0.0,0.0,-0.0022766944602725147,1.906182885169983,2.023,0.522322952747345,0.056096382439136505,0.0,0.0,2.0741350600892114,0.02602171764682426,0.5383782918649701
2,1768896524.1182168,1.9206917442607598,0.11039939599746634,0.0,0.0,0.0,0.24771033358932443,0.9688341398986029,-0.004244333370106509,0.009371107702484938,0.0,0.0,0.0,0.00023968294704273954,1.9166430234909058,1.999,0.5328412055969238,0.056242458522319794,0.0,0.0,2.0826817769474992,0.03093377783406892,0.5482483577400826
1,1768896524.9701576,1.9812152128665381,0.108621851026753,0.0,0.0,0.0,0.24781147263259806,0.9688082751667965,0.018075753493269443,0.006574824181085503,0.0,0.0,0.0,0.00023968294712374384,0.0,0.0,0.0,0.0,2.0849061012268066,0.1019769161939621,2.1068131195808744,0.04695399076281159,0.5584172755562067
2,1768896525.2706664,1.9955928531986304,0.11431145852721135,0.0,0.0,0.0,0.26655067613453837,0.9638209050711758,0.021354118689308137,0.00777534496469762,0.0,0.0,0.0,0.00736046878096045,2.0506136417388916,2.047,0.6247097253799438,0.06785401701927185,0.0,0.0,2.1148646438178127,0.052020979742819495,0.5640661614923794
2,1768896525.5312986,2.006977217799881,0.11932245897235033,0.0,0.0,0.0,0.2783718810870138,0.9604733706980519,0.02362337979207483,0.008772897657867785,0.0,0.0,0.0,0.011548739710636594,2.058530569076538,2.035,0.6302424669265747,0.06804494559764862,0.0,0.0,2.1215250513089217,0.05627974581157957,0.5689855568913429
2,1768896525.9390807,2.0291506679929494,0.12676922215733685,0.0,0.0,0.0,0.2880326481682316,0.9576205895808609,0.028756783113147884,0.01012910840333326,0.0,0.0,0.0,0.014479873561816795,2.1022891998291016,2.104,0.6361796259880066,0.07121399790048599,0.0,0.0,2.130843457411095,0.06298439832876213,0.574804156150479
1,1768896526.550984,2.052207461373345,0.1336566906378322,0.0,0.0,0.0,0.29238158254705365,0.9563017359532924,0.030838432385027533,0.010329255222590737,0.0,0.0,0.0,0.014479873564360894,0.0,0.0,0.0,0.0,2.0626168251037598,0.13451988995075226,2.146237810703,0.07306382141014023,0.5829743163816727
2,1768896527.3252063,2.1799700844527745,0.15316650825838946,0.0,0.0,0.0,0.3202564109433263,0.9473308984983543,0.07135159721178641,0.01452723354634974,0.0,0.0,0.0,0.023669314540539367,2.39603590965271,2.165,0.7690833210945129,0.08063645660877228,0.0,0.0,2.1655529758737746,0.08670200934359318,0.5841689781373521
2,1768896527.6326306,2.2429931206067693,0.1638873197652972,0.0,0.0,0.0,0.33600212992861545,0.9418612258095318,0.08731334118478985,0.016755084311607518,0.0,0.0,0.0,0.028746985928954964,2.3740453720092773,2.172,0.7657724618911743,0.08120853453874588,0.0,0.0,2.1732742887529746,0.09222756004712707,0.584932569991695
1,1768896527.790937,2.2343749291997836,0.16073280218399244,0.0,0.0,0.0,0.33872136742515563,0.9408867281716927,0.0771117314465446,0.014521558708590624,0.0,0.0,0.0,0.028746985929886785,0.0,0.0,0.0,0.0,2.1671805381774902,0.15040569007396698,2.1785540515989226,0.09605255504876664,0.585051469886557
2,1768896528.031747,2.283347137676482,0.16904148325261753,0.0,0.0,0.0,0.34986912643619367,0.9367985879402118,0.09018895641758339,0.01641013959565816,0.0,0.0,0.0,0.03216927018571826,2.4077930450439453,2.259,0.7736784815788269,0.0853462740778923,0.0,0.0,2.184320210076417,0.09987843664398188,0.5843215726710042
2,1768896528.2571495,2.3213825557670087,0.17654533706453127,0.0,0.0,0.0,0.35828787754758495,0.9336111593176502,0.09769592911895304,0.017830525255059466,0.0,0.0,0.0,0.03429323789581515,2.407863140106201,2.236,0.7745267152786255,0.08536636829376221,0.0,0.0,2.1902704221061366,0.10392263535455182,0.5846256664667366
1,1768896529.047819,2.329126955386081,0.18997573097812637,0.0,0.0,0.0,0.37059949165689143,0.9287927738648991,0.0671399514263133,0.017268273703160964,0.0,0.0,0.0,0.0342932378953549,0.0,0.0,0.0,0.0,2.194908618927002,0.18521416187286377,2.209620873899608,0.11729206259599378,0.5869416533001462
2,1768896529.2275083,2.3823476846406337,0.1992732823437486,0.0,0.0,0.0,0.3790895386494584,0.9253599957241186,0.08478683256228574,0.01961827910329996,0.0,0.0,0.0,0.0367327613933215,2.512986183166504,2.289,0.8139667510986328,0.09327670186758041,0.0,0.0,2.2136436134092268,0.12034805333792653,0.5918509202840329
2,1768896529.7465265,2.4477997328407173,0.21307787543430634,0.0,0.0,0.0,0.3905663667346464,0.9205747732670594,0.09715421480772873,0.02165930856490604,0.0,0.0,0.0,0.038594110482288835,2.5507652759552,2.297,0.8317046761512756,0.09542263299226761,0.0,0.0,2.2253739867969986,0.12823840225215977,0.6006369737765823
2,1768896530.0879617,2.516666449152973,0.22732175808650787,0.0,0.0,0.0,0.4000422430915423,0.9164967014355738,0.1120608763147366,0.024198690279800854,0.0,0.0,0.0,0.04006161741559928,2.640587091445923,2.313,0.8478565812110901,0.09941653162240982,0.0,0.0,2.2385316829777744,0.13794501238551393,0.5987880763645467
2,1768896530.4884758,2.601814090488855,0.24497459281632633,0.0,0.0,0.0,0.41311317736894265,0.9106796926933951,0.1279563807184644,0.026952615159852845,0.0,0.0,0.0,0.0425676485923339,2.7350966930389404,2.274,0.8944083452224731,0.10230675339698792,0.0,0.0,2.255404823131221,0.15019102693995912,0.5934177551467912
1,1768896530.6206708,2.5142990668492473,0.23152241701552048,0.0,0.0,0.0,0.4156432735445759,0.9095277176409462,0.08207749668218764,0.02022324853673316,0.0,0.0,0.0,0.042567648593345914,0.0,0.0,0.0,0.0,2.220621109008789,0.1975458413362503,2.2608247257315353,0.15388189942157915,0.591723367897063
2,1768896530.9546285,2.5938533817149367,0.24578628466076677,0.0,0.0,0.0,0.42326584126311906,0.9060055339896242,0.1076192978663697,0.023727008300057525,0.0,0.0,0.0,0.04355114915493063,2.790858507156372,2.429,0.8908141851425171,0.10660400241613388,0.0,0.0,2.272607167647169,0.16207561089465028,0.588186589827051
2,1768896531.8220494,2.5748947623113185,0.25910192318989217,0.0,0.0,0.0,0.41823686496369783,0.9083380013988942,0.06012421650888488,0.020631754311779882,0.0,0.0,0.0,0.032539155398405864,2.434149742126465,2.482,0.7079304456710815,0.11317166686058044,0.0,0.0,2.302898449854467,0.1834031285965949,0.5758629654145215
1,1768896531.9675434,2.4901625688378526,0.260372158938001,0.0,0.0,0.0,0.42137642920964136,0.9068858279334462,0.01820126437933048,0.018769995787421417,0.0,0.0,0.0,0.03253915539581638,0.0,0.0,0.0,0.0,2.271786689758301,0.24537168443202972,2.310102287605835,0.18872484635560505,0.5691733076253309
2,1768896532.0591254,2.49697830747953,0.26499131981305263,0.0,0.0,0.0,0.407693892696409,0.9131186614334683,0.020495366924687515,0.019868851066260896,0.0,0.0,0.0,0.024967685163603127,2.5496013164520264,2.394,0.7195689678192139,0.1167752742767334,0.0,0.0,2.3137187455416974,0.19128870754303529,0.5649558868466171
2,1768896532.3657854,2.5067010331269794,0.2728954947329783,0.0,0.0,0.0,0.3999044511412031,0.9165568340029183,0.022474223110964656,0.020864078628555605,0.0,0.0,0.0,0.019429169655042412,2.5600109100341797,2.473,0.726289689540863,0.11698555201292038,0.0,0.0,2.322067895591492,0.1969787707794889,0.5551650901804727
1,1768896533.2713373,2.445477962381432,0.29187223588728234,0.0,0.0,0.0,0.4083782165710811,0.9128128133578227,-0.013473784480912722,0.019793435015765602,0.0,0.0,0.0,0.01942916965386297,0.0,0.0,0.0,0.0,2.3113009929656982,0.28465262055397034,2.355447709845809,0.21846177274266942,0.5176573246852437
1,1768896534.4674163,2.399439373061871,0.3128225458032078,0.0,0.0,0.0,0.418755910921005,0.9080988311129573,-0.02384710747680266,0.018978268380823907,0.0,0.0,0.0,0.0194291696534444,0.0,0.0,0.0,0.0,2.3683011531829834,0.3103221356868744,2.3974974929246926,0.24378944134727987,0.47427144797111354
1,1768896535.5040379,2.3872870722854174,0.3405078355556148,0.0,0.0,0.0,0.42789257244162493,0.9038296003391838,-0.020134789466043957,0.02125631316889647,0.0,0.0,0.0,0.019429169652995227,0.0,0.0,0.0,0.0,2.400336742401123,0.34838923811912537,2.4349992772581133,0.2634787170065883,0.4358883856414968
1,1768896536.707451,2.379313152877209,0.36767729796640136,0.0,0.0,0.0,0.4385124587985282,0.8987251100745262,-0.015804156674280284,0.021622613660779243,0.0,0.0,0.0,0.019429169651630218,0.0,0.0,0.0,0.0,2.3959622383117676,0.369082510471344,2.4662799839296814,0.2788651262019167,0.41686465004464734
1,1768896538.0081713,2.410187131949515,0.3875421340894903,0.0,0.0,0.0,0.44962123119200686,0.8932193171116397,-0.0032081465890996044,0.019671757039870588,0.0,0.0,0.0,0.019429169651629587,0.0,0.0,0.0,0.0,2.4624502658843994,0.3798273503780365,2.466271505557632,0.27925427917183276,0.4169924677337345
1,1768896539.2593524,2.425801392780377,0.39702157137034677,0.0,0.0,0.0,0.4605307011932423,0.8876437761052913,0.0015217046658225685,0.015937920449274424,0.0,0.0,0.0,0.019429169650947473,0.0,0.0,0.0,0.0,2.4467647075653076,0.3809577226638794,2.466282472591613,0.2790394399991448,0.41692467829869584
1,1768896540.3895872,2.4375312848485837,0.3953690711750682,0.0,0.0,0.0,0.47032411527815005,0.8824937544185938,0.003950035567297651,0.011099202287584216,0.0,0.0,0.0,0.01942916965049348,0.0,0.0,0.0,0.0,2.4491496086120605,0.37261655926704407,2.4662893686895893,0.27893135291928584,0.41684240330468925
1,1768896541.596766,2.4567127957891315,0.40032526387417594,0.0,0.0,0.0,0.4804344377630869,0.8770306442828931,0.007538130848842539,0.00907199968096411,0.0,0.0,0.0,0.019429169650037686,0.0,0.0,0.0,0.0,2.473829984664917,0.3907875716686249,2.4662459183489056,0.2790915387386289,0.41694267261344864
1,1768896542.9718018,2.444173398024437,0.39501503320873654,0.0,0.0,0.0,0.492202822683892,0.8704805462168635,0.0019220212873600389,0.004701759416510322,0.0,0.0,0.0,0.019429169648902903,0.0,0.0,0.0,0.0,2.419672727584839,0.37605956196784973,2.466249352166844,0.27906700698111087,0.4169592412104522
1,1768896544.2262237,2.4449678154401706,0.39597024816596454,0.0,0.0,0.0,0.5029093864869361,0.8643391400274163,0.001525276522541044,0.003494019133063808,0.0,0.0,0.0,0.019429169651630294,0.0,0.0,0.0,0.0,2.4431779384613037,0.3905382752418518,2.4663108191619645,0.2787610108494112,0.4167915675393409
1,1768896545.1379976,2.449377303591879,0.39255183269068267,0.0,0.0,0.0,0.5103134247264122,0.8599884932625554,0.0022863642156527846,0.0018768365894601517,0.0,0.0,0.0,0.019429169654131263,0.0,0.0,0.0,0.0,2.4534475803375244,0.38390854001045227,2.466239265240614,0.27912416232180715,0.41694665401669223
1,1768896546.2911272,2.4621365867442,0.3901750339359399,0.0,0.0,0.0,0.5197997121209785,0.8542881593929228,0.00492019959072085,0.0007061923924305089,0.0,0.0,0.0,0.01942916965458584,0.0,0.0,0.0,0.0,2.475008726119995,0.38445496559143066,2.466249627081061,0.2791393905300341,0.41694994672293884
1,1768896547.4589655,2.4542700444594376,0.3853506645875044,0.0,0.0,0.0,0.5297140439380978,0.8481762975082167,0.0013518709008724403,-0.0007637390438300076,0.0,0.0,0.0,0.019429169650038866,0.0,0.0,0.0,0.0,2.437999963760376,0.3786484897136688,2.46626480286441,0.2790345438605626,0.4169531728624356
1,1768896548.5262134,2.4449254311525817,0.3803780373803881,0.0,0.0,0.0,0.5383759644217301,0.8427047649876984,-0.0014401762314902034,-0.0018439910892038673,0.0,0.0,0.0,0.019429169648219766,0.0,0.0,0.0,0.0,2.4316298961639404,0.3752340078353882,2.466244157134778,0.2790662208602598,0.4169636737856218
1,1768896549.7993693,2.452893898051527,0.38114355973290787,0.0,0.0,0.0,0.5488673599165236,0.8359094575480441,0.001062059493075781,-0.0010444594830579872,0.0,0.0,0.0,0.01942916964844689,0.0,0.0,0.0,0.0,2.4638638496398926,0.3846486508846283,2.4662036186924774,0.2793340490858789,0.4170545391546684
